seed,layer,accuracy,abs_euclidean_knn_loss,abs_geodesic_knn_loss,abs_distance_loss,abs_arc_r2_gain,abs_first_pc_gain,euclidean_knn,geodesic_knn,distance_corr,arc_r2,first_pc_variance
"(4,)",logits,0.961,0.11119999999999985,0.04039999999999977,0.4167067974960149,0.7533378003336916,0.21100425720214844,0.8888000000000001,0.8139000000000001,0.5832932025039851,0.8729866927434793,0.7740459442138672
"(6,)",logits,0.9576666666666667,0.054233333333333245,0.010999999999999899,0.1975354976691891,0.5174237874175942,-0.024661719799041748,0.9457666666666668,0.8440666666666667,0.8024645023308109,0.6652027070145644,0.521910548210144
"(10,)",logits,0.953,0.03823333333333345,0.007133333333333214,0.17958778716166257,0.7603369507757519,-0.004508316516876221,0.9617666666666665,0.8431000000000001,0.8204122128383374,0.9181750688752178,0.5475526452064514
"(7,)",logits,0.96,0.06403333333333316,0.013433333333333297,0.17067742208235093,0.8148496195700283,0.13170170783996582,0.9359666666666668,0.8443333333333334,0.8293225779176491,0.9512327523546141,0.697749137878418
"(9,)",logits,0.9653333333333334,0.047599999999999865,0.006099999999999994,0.16438784707427112,0.6613818958742094,0.027938783168792725,0.9524000000000001,0.8565,0.8356121529257289,0.7806195109036663,0.5861845016479492
"(8,)",logits,0.963,0.058466666666666556,0.01326666666666676,0.15142667451991287,0.7222350122877158,0.23032522201538086,0.9415333333333334,0.8512666666666667,0.848573325480087,0.849477992140097,0.7744712829589844
"(5,)",logits,0.9633333333333334,0.0658333333333333,0.014866666666666584,0.11895606238211054,0.7586186505100492,-0.009880006313323975,0.9341666666666667,0.8305666666666668,0.8810439376178895,0.8998628313144438,0.5403062701225281
"(3,)",logits,0.9743333333333334,0.05279999999999985,0.008366666666666633,0.11681684273816073,0.8006375443657497,0.08993792533874512,0.9472000000000002,0.8357666666666668,0.8831831572618393,0.9489232730966937,0.6620703935623169
"(2,)",logits,0.972,0.04523333333333324,0.011866666666666581,0.11297149891160663,0.679559545117701,0.005220174789428711,0.9547666666666668,0.8410333333333334,0.8870285010883934,0.8092784286094703,0.5778525471687317
"(1,)",logits,0.9726666666666667,0.0648333333333333,0.01866666666666672,0.08102619641687381,0.8300655876249001,0.05004805326461792,0.9351666666666667,0.8316,0.9189738035831262,0.989060525370901,0.6056283712387085
